Name,Email,Phone,Completion_Time,IP
Jill Mendez,kimjoseph@example.net,(07) 3771 6670,53,36.21.251.221
Gregory Garcia,rmcdaniel@example.org,+61-405-681-757,69,192.168.1.1
Emily Byrd,aliheather@example.com,+61739213502,141,32.162.232.239
Travis Diaz,tfrench@example.com,6505 4374,88,211.71.0.68
Dawn Berry,hensleyrobert@example.org,3163 7415,265,96.56.152.198
Russell Carter,williamramos@example.net,08 1447 2108,139,55.86.131.240
Patricia Phillips,millerrobert@example.org,(03) 0782 4874,290,124.65.118.255
Tony Chavez,zcortez@example.com,(07)97585277,235,203.207.215.83
Melinda Baker,michael22@example.com,27520159,100,12.105.142.174
Samuel Gonzales,troymiller@example.org,0807507781,222,166.47.44.135
John Nguyen,cpatel@example.org,(02)83781448,195,204.167.31.251
Shawn Jones,qjohnson@example.org,+61.2.9875.7464,144,73.143.114.147
Daniel Davis,coffeytina@example.net,+61.445.150.821,50,174.47.203.148
John Brady,karenalvarez@example.net,02 4615 9826,289,15.156.228.132
Lonnie Reyes,kristopher87@example.net,+61-435-192-021,248,192.168.1.1
Charles Anderson,carly22@example.org,+61 460 945 001,90,193.216.73.41
Regina Thornton,danielgomez@example.org,0400-857-810,260,178.121.99.60
Eddie Lin,ghill@example.net,(03)-5719-2704,145,1.205.228.37
Marvin Spence,casemaurice@example.net,4788 1696,112,88.23.128.132
Paul Roman,jameswebb@example.com,+61.7.2665.4480,149,192.168.1.1
Kathleen Montgomery,coletracy@example.org,+61339331837,220,2.182.203.70
Brenda Martinez,masonholly@example.org,5000-4435,192,115.195.30.220
Nancy Combs,ashley53@example.org,+61.498.736.176,28,129.69.193.43
Paige Hess,malonejames@example.net,7766-0552,192,195.66.183.129
Zachary Miller,deborahmendoza@example.com,0440.906.296,65,222.37.244.190
Jerry Carpenter,bmccoy@example.com,0465-583-965,119,145.26.137.51
Casey Bennett,belldesiree@example.net,(03)72184886,111,72.98.135.156
Renee Miller,michele51@example.com,21855622,91,171.104.165.172
Nichole Gross,uarnold@example.com,(03).3989.7221,219,172.110.39.151
Jerry Perez,baxtertheresa@example.net,+61 2 7351 5142,225,157.115.139.201
Jean Adams,gregory00@example.net,03-7258-8844,290,139.23.30.110
Dana Cole,erinallen@example.com,+61.3.8523.5894,132,192.168.1.1
Robert Cross,peter52@example.com,08-5369-7702,235,192.168.1.1
Jennifer Wilkins,rodriguezjanet@example.com,+61-2-2488-9109,101,45.59.126.207
Eric Harris,anthony08@example.com,8180 1589,85,208.186.197.104
Kari Carpenter,christinachristensen@example.com,+61 456 386 521,88,148.142.206.28
Ricky Lambert,pflores@example.com,8539 7147,23,3.113.60.254
Angela Smith,xwalls@example.net,07-2502-8206,149,44.181.224.122
Aaron Marquez,iluna@example.org,0739224320,262,176.243.136.55
Mrs. Elizabeth Hampton,john70@example.org,0437 415 131,126,213.45.216.81
Hannah Cochran,fbaker@example.org,(03)67286901,116,80.31.118.94
Richard Jenkins,jennifer44@example.org,7350 8507,194,43.150.193.77
Jacob Kane,amber88@example.com,+61-439-541-034,180,164.87.24.72
Mary Morgan,greenerobin@example.com,0856234296,83,109.118.11.67
Rachel Brown,pamelawest@example.com,(02)-5939-7574,134,14.175.245.119
Spencer Sampson,alexandra79@example.org,08.0127.5958,63,192.168.1.1
Samuel Robinson,autumn88@example.org,02-5702-3467,39,198.34.175.20
John Banks,umitchell@example.org,6926-2518,68,165.117.209.128
Kayla Rodriguez,george41@example.net,+61 2 4715 0633,263,217.116.8.220
Holly Lawson,donaldhenderson@example.org,+61-8-5236-7374,204,86.137.54.19
Monica Bates,townsendjeffrey@example.net,34958463,243,212.202.223.245
Sharon Trujillo,lawrence78@example.net,+61857060395,293,112.127.141.239
Jennifer Baird,heather05@example.org,+61 472 647 025,66,123.140.27.85
Michael Cardenas,uscott@example.net,03.9263.3675,218,149.79.116.40
William Johnson,bryanhardy@example.net,(02)64448295,55,23.43.59.249
Margaret Stewart,weissaimee@example.org,0409.265.098,191,222.66.141.77
Mr. Timothy Morris,longpatrick@example.com,+61-8-7571-8020,44,210.69.79.160
Whitney Wang,michelle82@example.org,3058 8612,19,77.228.241.45
Michael Mccullough,johnathanmccormick@example.net,+61 426 730 260,49,144.81.180.53
Alex Foster,wheeleraustin@example.com,79142606,188,85.209.223.113
Bryan Lopez,hking@example.net,6450 9925,184,69.131.134.15
Brian Gross,clarenceross@example.com,(03).1374.5916,213,96.31.192.240
Randy Miller,mjackson@example.net,08468494,215,54.140.205.87
Howard Sherman,garzamichelle@example.org,7026 1593,298,192.168.1.1
Taylor Dean,josephstephanie@example.com,(07).8081.1657,30,48.209.143.194
Gary Joseph,margaret12@example.org,43643258,38,198.129.218.179
Erin Walker,monicabutler@example.org,0464 348 238,130,192.168.1.1
Cynthia Wilson,stacey16@example.com,(02) 3162 4272,36,110.7.188.197
Pamela Phillips,gordonanne@example.com,+61.418.479.688,73,195.81.114.133
Amy Reed,acostacynthia@example.com,02.8020.8039,177,131.184.99.222
Melissa Garcia,hickskristin@example.org,4222.7729,142,52.230.110.234
Reginald Bowman,laura79@example.org,+61714964582,158,223.88.203.86
Jimmy Smith,melaniebentley@example.org,(03) 9275 5429,192,124.117.10.148
Matthew Miller,lmorrow@example.net,+61-3-1533-1399,70,29.238.44.157
Robert Silva,dennismorgan@example.com,0833696573,149,97.66.254.85
Thomas Blackwell,wcarter@example.net,9645.4989,198,201.45.81.197
Brooke Oliver,pstevens@example.org,+61.2.5725.4113,282,128.90.80.64
Angel Berry,jessica90@example.com,(03)-1877-4048,181,101.142.22.135
Ryan Rhodes,jessicakelly@example.com,0252586109,117,95.163.60.63
John Henderson,mannrobert@example.org,+61 8 8148 1002,66,192.168.1.1
Shannon Stone,palmerjennifer@example.net,9228-5856,24,28.23.54.84
Katherine Whitehead,smckay@example.com,03-5689-5013,168,46.120.134.102
Natasha Martin,omar02@example.org,+61.402.879.555,241,201.80.46.216
Lisa Melton,sharon00@example.org,(03)-8879-3492,175,216.168.68.23
Christine Hansen,allisonmatthew@example.com,(07).5125.1662,185,203.94.39.194
Renee Vega,williamskristin@example.org,+61.3.6996.1398,58,6.87.27.89
Mary Ellis,matthewaustin@example.net,0803448038,91,49.144.134.164
Sandra Preston,teresa75@example.com,0491.892.496,282,211.68.177.6
Angela Jones,nicole36@example.net,+61-2-5616-6105,239,175.174.255.146
Jordan Smith,rstephens@example.org,(03)10081730,166,124.138.67.114
Christine Swanson,leroy69@example.net,0476-605-714,208,47.105.162.67
Mark Johnson,knightronald@example.net,(08)92120104,72,176.203.93.49
Colton Jones,bmurphy@example.net,(02)70080022,17,51.117.1.253
Tamara Flowers,ryan89@example.org,5596 9983,17,37.92.35.154
George Robinson,fischerjoseph@example.org,0465 901 833,85,213.235.123.63
Terri Rich,ryan58@example.net,86078059,92,7.177.3.60
Penny Ballard,karen95@example.org,0005-5948,215,19.150.127.93
Jason Leblanc,amack@example.com,+61 468 518 367,183,207.25.75.56
Timothy Jones,thomasmatthew@example.net,8446 9440,183,130.125.89.161
Jessica Harris,joshuabarrett@example.com,+61.447.126.276,221,26.161.101.73
Mark Williams,santossheila@example.net,1239 5710,139,223.233.193.87
Sandra Chambers,garybarr@example.net,+61287951185,223,142.60.4.55
Patricia Cruz,gruiz@example.org,9286 6611,122,154.245.195.146
Tracy Kelly,xjames@example.com,+61 7 4093 3426,245,218.226.135.238
Sherri King,zmiller@example.org,0771987592,70,58.238.213.74
Christopher Richardson,martinlaura@example.com,08 8192 3709,232,10.159.193.146
Jeffery Harris,briannachen@example.net,(03)42303312,82,152.32.184.183
Cynthia Bright,kevinmatthews@example.net,+61278344309,164,166.255.180.49
April Knight,james90@example.net,0484-784-579,158,36.212.83.78
Denise Drake,xmiller@example.org,0499.302.979,11,189.86.252.205
Anthony Adams,melissacruz@example.com,07-6668-2330,269,175.78.200.40
Frances Green,katherine27@example.org,+61-7-1502-5523,277,110.18.210.51
Jesse Huynh,katelyn56@example.com,0834-2747,238,29.117.107.180
Nicole Waters,ashleywilson@example.org,+61221170691,265,192.168.1.1
Sharon Brown,rileydennis@example.org,(02)-2526-1760,7,55.234.152.193
Mark Thompson,danielrojas@example.org,+61-494-486-350,113,142.11.168.78
Kelsey Black,cunninghamangela@example.org,+61-2-3398-7319,281,100.137.211.51
Victoria York,cody19@example.net,+61-2-4152-6584,122,195.185.0.220
Paul Cobb,mooredonna@example.org,03.4033.0587,61,18.197.110.65
Joseph Sullivan,deborahhughes@example.org,+61 417 181 233,236,148.24.165.186
Darrell Bailey,gmiller@example.com,08.8098.6786,9,149.140.91.241
Ruth Marshall,crystalnelson@example.org,+61 444 810 584,15,167.68.101.8
Jane Flowers,carmencaldwell@example.org,(02)-1926-9366,258,221.230.159.119
Gregory Roth,kmoss@example.org,(08)09667122,272,84.101.1.239
Oscar Anderson,ubowman@example.org,0409 749 616,171,192.168.1.1
Kelly Jackson,stephanie35@example.net,(08).7677.7576,181,49.248.87.19
Yvonne Long,johnsims@example.net,4526 2420,130,206.201.123.138
James Young,johnfrey@example.net,+61.446.113.348,72,12.193.134.177
Mark Scott,wshort@example.net,(07).9473.4231,290,49.88.107.17
Pamela Anderson,uwhite@example.net,+61 2 4507 3219,132,106.214.41.10
Samantha Henson,ladkins@example.com,0405.232.091,61,115.231.184.60
Randy Johnson,jasontorres@example.org,1278.9317,12,192.168.1.1
Erin Richmond,christinasanchez@example.net,(03).2708.7024,269,169.182.109.175
Mrs. Caroline Fuller,johnsonjenny@example.org,(03)47743982,124,123.134.62.45
James Williams,ricardobrown@example.net,(02) 8496 8914,227,1.110.118.81
Catherine Andrews,pamelabenson@example.com,(03).7641.5213,73,118.224.157.196
Victoria Myers,gilbertlaurie@example.org,0750398150,250,16.25.248.148
Cynthia Lyons,masonbrian@example.org,+61.497.433.552,95,170.252.167.157
Clifford Baker,ashleywu@example.com,7300-7321,223,32.116.218.223
Samantha Walker,barrdenise@example.com,03.9571.3063,237,223.124.26.47
Elizabeth Espinoza,shernandez@example.com,02-4079-1104,248,48.173.170.92
Daisy Baker,cparker@example.com,(02)-8922-2200,5,77.145.17.86
Kiara Gonzales,rwright@example.net,1914.4243,213,192.168.1.1
Allen Williams MD,clarkecindy@example.org,07.5707.3817,85,143.152.7.255
Calvin Reynolds,wesley13@example.net,(07).1357.2341,268,27.160.202.247
Jerome Scott,anelson@example.org,02 7195 7579,128,27.207.163.134
Cynthia Villanueva,amandapetty@example.org,0458 530 059,114,68.205.117.11
Jeremy Willis,fmendez@example.net,+61.3.6102.4907,211,111.67.130.98
Michael Hall,vanessarobinson@example.net,+61340382813,174,188.231.36.148
David Williamson,david62@example.com,(08).3522.2327,205,16.141.71.62
David Farmer,cgreen@example.net,66517167,137,8.52.19.122
Sean Johnson,sarahreed@example.org,0494-610-803,239,35.158.114.14
Kenneth Roberts,caitlin69@example.com,0208335901,266,190.220.171.186
Jerry Martin,kimberlywarren@example.com,0490.900.368,78,212.202.85.8
Carolyn Lucas,rossnancy@example.com,(08)87361377,5,54.168.79.54
Denise Mcdonald,ucarlson@example.net,+61.460.001.197,144,109.147.85.183
Allen Baker,megansandoval@example.org,0421.915.260,171,44.78.8.114
Susan Gallagher,emily63@example.com,+61 434 934 029,218,14.107.19.100
Eddie Arias,marshallbrenda@example.net,+61 2 7132 2668,105,167.225.3.164
Tracey Nguyen,garciadenise@example.org,02.2837.6880,296,13.50.147.46
Jonathan Mills,gonzalezchristopher@example.com,85775440,203,25.250.71.251
Scott Brennan,susanlucero@example.org,+61394541139,247,120.20.142.79
Mary Kemp,johnstonandre@example.org,(02) 8595 3573,300,212.163.76.99
Christopher Turner,amy61@example.com,0766566644,218,84.101.69.146
Linda Graham,vasquezmelissa@example.org,+61 7 3947 0001,43,72.27.82.237
Kyle Olson,ygregory@example.com,03-3721-7593,35,171.248.164.239
Jeanne Meyer,umcfarland@example.net,0822527571,267,130.252.205.185
Craig Williams,samuel98@example.net,6415 3341,264,179.233.12.135
Patrick Harper,douglas94@example.net,02.3093.7322,20,198.146.38.249
Nicholas Duarte,brianallen@example.com,9785-6601,222,99.18.77.37
Sean Martinez,thenry@example.net,(07).9140.9908,172,53.197.100.190
Howard Smith,stephanielyons@example.net,0260535371,272,49.253.4.115
Ashley Wheeler,quinnann@example.com,(08).8670.1479,21,64.177.36.105
Kimberly Grant,edwinrobinson@example.net,0477.082.930,59,161.4.55.221
Steven Quinn,woodjeremy@example.com,1597.7924,191,45.234.233.110
Julie Davis,gmorgan@example.com,(02) 3586 7399,35,192.168.1.1
Christopher Wall,janetlamb@example.net,(08)-9161-7722,278,141.35.122.228
Amy Miller,frederick78@example.com,(03) 3148 8332,50,26.148.166.34
Bradley Ruiz,dnewman@example.net,02.9125.6864,220,113.163.13.190
Melissa Johnson,tony16@example.com,87636235,219,166.250.3.223
Michael Garcia,dylanhodge@example.net,02-6698-6840,121,75.224.32.255
Margaret Wilson,patricia43@example.org,9305-3845,132,66.38.245.50
Alexis Mcdaniel,nathaniel38@example.net,0444.336.816,66,72.148.221.176
Laura Robinson,dcortez@example.net,03 2972 3013,238,177.232.17.89
Alexandra Espinoza,paul58@example.com,+61.8.4370.7596,271,49.15.232.158
Taylor Wright,christopher29@example.net,0451.560.274,168,182.70.149.101
Kenneth Stewart,julieharris@example.org,6931 9739,110,148.0.41.210
Robert Young,theresatran@example.org,0411.728.647,27,46.253.165.151
Wendy Griffith,robert68@example.org,(02) 6534 7125,285,182.31.181.215
Sandra Smith,daniellerogers@example.com,+61-3-5364-1260,16,139.115.206.92
Samuel Finley,dyoung@example.net,(03)-2238-3889,27,54.112.159.75
Anthony Walker,mercedes86@example.net,0811770170,7,186.154.89.216
Heather Park,lanekelsey@example.org,0764612099,246,4.254.212.161
Angela Hopkins,alyssa45@example.net,0246275012,23,64.103.127.112
Larry Hamilton,wgreene@example.org,(07) 4804 2646,121,154.12.92.95
Andrew Bridges,ssanders@example.com,62896542,150,80.201.222.217
Robert Lewis,robert22@example.net,03-8117-8746,27,192.168.1.1
Micheal Miller,thompsonkevin@example.com,08 7419 5271,171,34.176.34.125
Jason Mendez,bmiller@example.com,+61.466.727.774,131,184.5.66.233
Todd Foster,cynthia80@example.net,8628.4503,131,3.167.168.98
Jennifer Anderson,hallmichael@example.com,08-6360-5909,12,82.87.69.171
Bryce Smith,lonniemueller@example.com,0359588064,208,161.109.222.149
Robert Alvarez,samanthacollins@example.com,5463.5283,104,208.96.165.54
Michael Smith,zcarpenter@example.net,(02)05842891,132,136.255.158.138
Kelly Hill,williamsvictoria@example.net,0477.687.555,290,167.198.210.136
Karen Carter,rodriguezmegan@example.com,(03)65997911,207,20.114.152.23
Daniel Casey,weaverwilliam@example.net,+61 8 5262 8652,30,36.46.168.52
Stephen Cox,omiles@example.net,+61217835365,103,207.68.182.188
Matthew Rodriguez,pprice@example.org,0476-092-366,141,99.184.150.151
William Hanson,ericsmith@example.net,0400-984-725,274,159.112.162.228
Jennifer Brown,edwardmoss@example.net,0279590941,125,67.44.49.155
Jessica Carr,porteralyssa@example.org,+61.452.432.266,8,24.105.132.67
Joseph Barnes,cruzdana@example.net,0446 921 305,183,126.126.157.20
Tristan Torres,richard55@example.net,(07) 3699 5876,196,145.143.65.144
Mike Leach,davidwilliams@example.com,0451 293 183,299,101.61.155.60
Dawn Huynh,abbottdanny@example.com,+61752468507,291,130.44.118.104
Brian Thompson,johnsonjohn@example.org,+61.442.181.344,114,193.19.194.214
Erica Mullins,cynthiaallen@example.com,+61-3-6620-7166,219,20.221.188.163
Andrew Powell,bennettconnie@example.com,(08) 0922 0057,48,159.235.184.248
Dr. Victoria Ruiz,floreslisa@example.org,4265 4437,69,73.104.202.126
Danielle Mathis,lwashington@example.net,(07)-4326-7909,228,61.47.55.35
Angela Holland,apeterson@example.org,07 7285 8664,128,144.244.57.166
Dana Barajas,fdavila@example.org,0443.314.481,115,11.57.147.247
Michael Myers,erica66@example.net,+61-7-9566-8183,99,195.231.79.158
Pamela Martinez,amandagraves@example.com,03.9046.5423,89,174.152.161.95
Mark Harrison,william21@example.com,0414 386 193,233,163.96.236.23
Brooke Ramirez,matthewowens@example.org,3937 0489,52,57.216.221.144
Isabella Miller,williamsdaniel@example.com,02.2906.7471,176,192.168.1.1
Michael Kelly,kingjoseph@example.com,+61-7-6249-7409,79,80.96.213.25
David Roy,gbrown@example.com,2880.6721,189,192.168.1.1
Heather Scott,balvarado@example.com,+61 433 628 668,268,124.205.4.116
Ashley Neal,emccarthy@example.org,03-8830-2269,166,180.133.98.216
Justin Butler,reginamontgomery@example.com,+61.2.5886.7402,191,7.17.153.32
Christopher Caldwell DDS,ocooper@example.org,09238544,300,204.73.168.215
Alicia Mclaughlin,cynthiafletcher@example.com,+61.401.796.186,73,16.51.199.63
Karla Bonilla,williamgallegos@example.com,(03) 1280 8497,198,77.91.149.244
Amanda Smith,astone@example.net,2180-5437,232,52.96.190.216
Rachel Stark,patriciamartinez@example.com,0428 691 475,7,4.80.62.54
Julia Manning,cooknancy@example.net,0853806118,168,212.6.89.66
Dakota Montgomery,tyronenash@example.org,0454.608.568,268,78.28.230.13
Anthony Whitney,jonathantate@example.net,+61-413-533-216,185,119.154.225.146
Elizabeth Reid,richard13@example.com,+61 445 480 757,107,19.49.146.86
Melissa Rowland,martinezmelissa@example.com,(03).7986.2992,193,17.76.135.28
Donna Edwards,galexander@example.net,(03).8455.1306,254,38.169.14.105
Brandon Fletcher,mjackson@example.org,02 2569 5551,49,49.31.110.138
Phyllis Rios,fisherjohn@example.net,02.8937.6628,237,2.217.29.170
Kara Shaffer,clee@example.net,02-1803-4508,42,8.199.187.158
Wesley Hall,smithmark@example.net,9865.3491,219,23.55.49.23
Heather Short,davidsarah@example.org,+61 2 3262 3734,215,192.168.1.1
Joel Trujillo,kimberlymoore@example.com,9337.1650,5,76.213.47.49
Sergio Hernandez,christine51@example.org,5124 1622,242,36.101.11.80
Michael Zamora,delgadomichael@example.org,0441 596 538,79,137.20.236.65
Joshua Bond,sara47@example.net,(03).5822.9988,288,88.160.0.46
Caroline Williams,martinpatricia@example.org,96878191,45,177.250.130.82
Tara Wood,reyeskristin@example.net,+61 474 916 592,130,95.108.149.66
Dustin Norris,ronald67@example.net,(02).2965.7133,278,137.189.225.207
Tina Abbott,bwest@example.com,0448.892.324,12,19.131.122.197
Andres Tanner,michaelbennett@example.org,4339 0928,167,171.160.43.174
Judy Howell,brooke96@example.com,81727201,46,74.123.155.133
James Meza,yhodges@example.com,3640.3766,12,186.116.240.143
Amy Castillo,qbrown@example.com,(03)-2055-0039,288,109.11.11.141
Rebecca Hayes,ekirby@example.com,0497.543.348,185,156.68.58.172
Julian Cruz,sfields@example.org,(02) 7649 8417,113,192.168.1.1
Tracie Thompson,richardsullivan@example.org,07-3816-1886,199,37.222.94.96
Tara Taylor,suzanne74@example.com,0461.651.783,170,87.251.218.140
Hayley Norman,angelica33@example.org,+61.455.548.710,119,85.205.161.217
Joseph Sanchez,michael02@example.org,+61327203413,114,41.130.115.92
Amy Proctor,dcollins@example.net,0428.129.086,287,77.16.194.11
Matthew Rodriguez,daniel89@example.com,(07) 8019 2692,170,209.217.215.23
Kelly Goodman,alejandrabates@example.net,(07).2812.2681,21,28.138.211.244
Ronald Reed,kevinjennings@example.com,+61.3.2661.0928,102,137.238.229.157
Adrienne Castillo,jamesjuarez@example.com,0279578109,281,160.68.203.168
Chelsea Bradford,finleyashlee@example.com,+61 451 040 435,74,23.237.180.56
Robert Cunningham,fevans@example.net,0418 241 893,70,71.232.113.246
Alicia Hayes,thomascooper@example.com,0455 370 445,201,51.44.247.96
Andrew Wallace,greg64@example.org,+61-2-3409-9909,57,69.30.245.225
Omar Johnson,gleach@example.org,+61714581856,69,8.128.42.171
Jonathan Chavez,ashley17@example.com,+61 495 859 348,135,123.46.138.9
Kevin Schneider,spencerpaul@example.com,+61-483-987-865,93,67.130.180.107
Carla Lewis,kjones@example.com,(02).4554.9017,244,119.12.188.89
Jim Dunlap,qwilliams@example.net,89973425,80,166.132.82.9
Carlos French,adavila@example.net,+61-7-5381-7660,14,49.154.49.12
Ricky Andrews,beckygarcia@example.com,(03)-1113-9514,44,7.101.156.114
Julie Larsen,mclark@example.com,+61.420.235.799,138,139.142.206.40
Karen Bell,zdunn@example.com,9354.4747,199,41.162.4.174
Kristin Washington,glennstone@example.com,(07).7668.6065,80,136.7.180.212
Jesse Lam,michael70@example.org,0869932744,296,89.74.117.154
Brent Griffin PhD,jacquelinewilliams@example.com,+61.483.409.851,163,131.32.222.175
Robert Hernandez,jenniferpotter@example.org,0449 072 758,177,50.193.174.53
Dr. Linda Lee DVM,mariacopeland@example.net,0471-349-852,274,95.184.207.63
Thomas King,gabriel35@example.net,0463-397-644,143,130.237.247.146
Christopher Watkins,katherine99@example.com,(07).7517.2941,88,128.105.217.43
Kelly Hansen,henryparks@example.net,+61 3 1324 6596,20,209.29.38.75
Lisa Contreras,njones@example.com,(07).7499.3210,269,192.168.1.1
Jessica Richardson,lpeterson@example.com,0286243384,117,176.240.149.199
Michael Perez,scottmack@example.com,0429.844.587,226,202.37.29.189
Judy Mueller,sparker@example.org,+61-3-6334-5962,206,128.27.219.242
Ralph Hoffman,russellmichael@example.net,+61 3 3875 1734,228,51.28.35.221
Timothy Johnson,nicholas18@example.org,(02).8101.3411,189,212.249.110.49
Joyce White,danielmcconnell@example.com,4927 1502,45,177.53.200.214
Sandra Hill,teresamartinez@example.net,0487 344 300,202,104.156.118.56
Trevor Martinez,bryancarrie@example.org,0443-087-628,230,87.2.38.218
Samantha King,aking@example.net,(02)-0961-2054,160,191.14.191.222
James Huynh,david43@example.net,02 4501 3327,279,68.94.76.131
Anna Harris,nicholascowan@example.net,0482 556 194,12,125.56.88.251
Danielle Foster,danielle42@example.com,02216352,36,116.103.52.11
Ashley Thomas,kennethwashington@example.com,+61.489.617.903,114,35.219.250.86
Dana Johnson,jeremy01@example.org,+61383237515,17,114.134.140.61
Abigail Lewis,sandra24@example.com,0402.097.140,300,190.184.186.215
Diana Hunt,crystalmatthews@example.net,+61 3 0103 2510,213,67.15.88.44
Brian Lopez,sbutler@example.org,03.5760.6278,139,129.142.9.228
Michelle Calderon,irivera@example.com,0401-607-558,153,165.74.63.128
Monica Mullins,martinsabrina@example.net,2858.0636,277,42.103.159.121
Douglas Moore,tlucas@example.net,(07).3897.6975,188,160.81.195.212
Richard Stevens,denisesalas@example.net,0484 414 114,253,192.168.1.1
Patrick Henry,michellesanchez@example.net,4659-9593,266,61.101.93.212
Heidi Ramirez,kristinstrickland@example.org,+61-413-738-873,12,23.169.39.72
Angela House,ochoasierra@example.org,79620729,64,23.120.20.249
Sharon Houston,jenkinsmike@example.com,+61 3 1075 4685,94,93.120.108.243
Alicia Jarvis,darinthomas@example.net,+61210030924,46,18.85.81.184
Stephanie Keller,heather27@example.com,+61.2.3390.0460,152,71.213.11.89
Phyllis Lawson,larsonmark@example.com,+61-8-9532-1117,278,53.252.72.123
Taylor Martin,jonathan71@example.com,5096-8447,106,182.151.126.113
Katherine Wise,ambersims@example.com,(03).8193.7942,12,5.238.217.34
Wesley Lucero,kedwards@example.com,+61 436 395 022,221,19.21.233.176
Philip Mccullough,john59@example.net,0422.562.214,256,160.66.144.223
Larry Zimmerman,ghaynes@example.net,+61 476 119 523,98,175.32.81.145
Eric Anderson,acastro@example.com,1239 2437,56,222.130.79.228
Alicia Myers,michaelwalker@example.org,+61-7-5168-0385,164,60.1.44.194
Lisa Price,tamaraschmidt@example.org,+61-472-131-830,298,49.243.6.223
Shawn Scott,bobby92@example.com,02 8016 2216,189,187.125.27.9
Dwayne Berry,nicolelevy@example.net,(02)-4532-0367,116,16.180.191.131
Michael Jones,darlene86@example.net,02.0287.4157,213,116.202.64.74
Heidi Bryant,robertcarr@example.org,(03).3017.8516,133,20.162.146.79
George Smith,chanlatoya@example.com,(07) 8744 6597,180,192.168.1.1
Dennis Williams,kimberly21@example.com,+61-7-9974-3485,280,219.247.231.89
Cory Banks,jessefox@example.net,(03)98109992,74,50.128.170.29
Hector Morgan,qbrown@example.org,07 2293 9829,264,192.168.1.1
Anna Diaz,websterdiana@example.org,(03).3549.6163,248,31.132.219.24
Nicole Jones,scottjessica@example.org,(03)-0403-1622,298,63.166.198.194
Barbara Weiss,amy31@example.net,59034401,120,98.235.95.124
Lauren Hampton,christopherlove@example.org,0927-7358,102,99.182.133.30
Brenda Allen,bryantcynthia@example.org,+61.2.4505.5417,186,10.173.116.226
Christopher Rasmussen,benjaminpeterson@example.com,+61 8 4430 5019,165,16.72.60.194
Ashlee Potter,taracannon@example.com,3102.4566,250,152.123.203.114
Eric Tucker,aprilhowell@example.com,0434 482 880,274,192.168.1.1
Ryan Yu,sherry04@example.net,(08)-9848-4524,203,216.38.162.140
Michael Jones,lpatterson@example.com,+61 419 384 781,184,214.254.154.178
Travis Maddox,coconnor@example.com,08-6436-7210,278,223.3.52.22
Matthew Dunlap,bakersamantha@example.org,0479 562 943,146,163.41.166.51
Michelle King,jennifer42@example.net,(03).7434.7025,159,182.201.202.226
Edward White,johncastaneda@example.org,+61.486.380.773,69,112.177.47.116
Alexis Luna,thomas20@example.com,4177 1797,31,137.97.187.32
Anna Simmons,richardesparza@example.org,+61 412 297 158,124,120.111.69.77
Travis Pham,david93@example.net,+61 8 0115 7095,50,202.31.25.92
Ricky Buck,kaylamiller@example.com,+61.2.3418.4045,131,192.168.1.1
Cindy Thomas,ashleeclark@example.com,+61 8 4654 7072,242,172.199.207.50
Hunter Jones,victoria52@example.net,0466.042.777,130,85.38.154.84
Hayden Martin,tgreen@example.com,+61.452.585.991,172,169.67.250.142
Michael Fitzgerald,npena@example.org,+61896792438,43,202.177.100.40
Jessica Todd,christinamoran@example.net,07.1629.3331,107,161.9.207.98
Ashley Callahan,cervantesemily@example.org,+61 471 493 698,155,82.235.235.25
Amanda Waters,keithprice@example.org,+61 8 7046 9462,240,192.168.1.1
Pamela Lindsey,donnagrant@example.org,03 4223 5415,63,164.136.81.140
David Rojas,kevinhopkins@example.net,+61.433.207.609,130,206.159.204.140
Michelle Washington,kellydavid@example.com,(08)-3212-9990,28,152.66.166.95
Jennifer James,turnerjonathan@example.net,0429-257-224,35,94.74.161.112
Michael Scott,timothy95@example.net,(02)-3303-7131,46,30.19.59.25
Christian Johnson,rodneylong@example.org,7096-5910,255,117.158.176.7
Casey Robertson,afigueroa@example.org,(08) 4577 0072,53,72.177.195.141
Elizabeth Ashley,miguelvaldez@example.com,0409 290 938,136,22.233.202.54
George Sanchez,krista22@example.net,9549.7325,47,65.209.24.120
Travis Ramirez,averyalec@example.net,+61-8-5547-1932,273,213.105.149.69
Abigail Barber,douglas50@example.net,7494-0550,41,84.118.179.101
Colton Chapman,ebarber@example.org,3632 7906,172,24.83.177.199
Mathew Wright,qacosta@example.com,+61 408 197 544,67,99.203.37.238
Courtney Robinson,ashley46@example.net,+61.473.131.693,84,42.170.170.209
Eric Hayes,edwardthomas@example.org,+61.491.156.908,222,112.64.52.114
Rebecca Scott,cynthiabrown@example.com,+61.461.988.672,58,159.194.99.213
Jennifer Phillips,timothybrown@example.org,0401.710.147,77,164.250.177.242
Reginald Johnson,allenmartinez@example.com,07.7500.9250,24,215.5.125.154
Charles Wallace,bburgess@example.com,0467.507.626,257,173.126.80.101
Benjamin Green,robertsnyder@example.com,+61876995486,118,73.98.120.200
Melissa Hall,eweaver@example.com,9028.7031,173,192.18.123.100
Terry Garcia,williamkoch@example.net,+61342487277,180,65.133.213.151
Alison Newton,andrewchavez@example.org,0409.801.893,210,208.226.238.252
Shannon Ford,ryandavis@example.com,(08)30345036,119,120.130.70.148
John Cabrera,jlam@example.org,95637256,215,155.245.181.110
Catherine Lopez,marcus12@example.com,+61-496-218-923,149,192.168.1.1
Michelle Johnson,tylermcintosh@example.net,0493 278 403,18,192.168.1.1
Abigail Scott,brayalexander@example.org,(02).9990.2410,292,1.59.190.45
Donna Lee,danielle83@example.org,+61-7-9916-1267,35,70.216.154.19
Christine Bell,leroy04@example.org,8554 6185,124,166.220.116.18
Adrienne Thompson,wendywebb@example.org,0489.693.699,79,51.147.249.155
Donna Miller,charlesarias@example.net,(02)-4508-8087,74,91.129.67.58
Michael Ortiz,kevin81@example.org,(07)-1573-3331,212,126.250.17.178
Abigail Shepherd,wburns@example.com,3425 6704,176,116.22.214.147
Joshua Lowe,kramerjanice@example.com,22544753,95,34.169.25.233
Eric Moses,daviserica@example.org,0520.5094,164,182.29.26.127
Michael Edwards,oherman@example.net,03 4713 3657,35,81.106.31.55
Sarah Welch,shawncox@example.org,2274.8809,106,94.98.4.32
Mrs. Angela Stephenson,ravenlawson@example.net,+61791209194,250,42.213.35.31
Heather Cooper,hendersonjacqueline@example.org,+61781826977,57,46.93.11.203
Elizabeth Taylor,rebeccasalazar@example.net,0489-345-050,288,4.11.1.113
Mr. Corey Cantu III,iwheeler@example.org,+61 8 4228 2304,169,65.183.127.150
Michael Martin,kathryn28@example.net,02-9547-5161,285,93.75.94.69
Michael Gray,wgarrett@example.net,+61 8 3814 9037,108,198.205.217.28
Deborah Wright,hcox@example.org,0313968817,31,87.50.123.169
Zachary Henderson,carlosmurray@example.org,+61.7.1392.7611,245,124.200.126.49
Kevin Hopkins,elizabethterry@example.com,+61-478-504-330,180,62.241.248.146
Maurice Byrd,robert63@example.net,+61 8 5244 2532,94,133.0.158.252
Brian Clark,nmejia@example.org,0767.2154,196,87.128.87.116
Donna Garcia,fmurphy@example.com,(03).7509.1079,51,50.169.227.141
Thomas Garner,davidmorgan@example.com,+61 8 1999 9122,166,174.242.148.153
William Kaufman DDS,nward@example.org,0418.836.390,63,1.35.223.101
Jennifer Foster,jasonbrown@example.net,(08)98488359,228,106.29.50.247
Tyler Reid,davidparsons@example.net,+61285913811,164,177.46.74.153
Donald Wu,hernandeztiffany@example.org,08-9766-2547,192,110.143.108.19
Anthony Eaton,anthony12@example.com,0491 940 784,259,192.168.1.1
Jordan Chambers,brianna67@example.org,02 4074 2749,28,183.27.218.140
Dylan Barron,brady44@example.com,(08).3911.6724,181,31.180.248.159
George Hanson,michelleritter@example.net,+61332958515,261,124.163.55.87
Lynn Cruz,huntcory@example.com,07 7102 5596,258,60.138.17.124
Julie Salinas,srussell@example.com,+61.495.910.997,76,223.157.73.239
Vanessa Buchanan,pamela21@example.org,07-4223-3753,210,64.91.170.20
Tammy Boyer,christytorres@example.com,+61.2.6179.0582,96,23.175.4.79
David Walker,princelisa@example.net,07 2910 1842,108,223.169.34.103
Ryan Kennedy,onelson@example.net,+61.2.3807.3935,284,192.0.124.178
Kathy Davis,dmoreno@example.com,(02).2357.0496,239,41.51.157.69
Zachary Mclaughlin,lewistammy@example.org,07 4716 4254,9,159.61.233.216
Christopher White,jcollier@example.net,+61-413-757-203,61,50.15.202.53
Steven Shepherd,karen39@example.com,0444 690 640,188,22.81.181.134
Jonathan Cole,harringtonangelica@example.net,+61-7-7101-6083,292,59.146.144.218
Eric Orozco,lewismatthew@example.com,0491-227-777,75,37.156.5.194
James Alexander,sandra99@example.org,+61 8 7413 6897,11,32.116.96.221
Christopher Simon,pamelamendez@example.net,+61 2 7690 4248,70,180.239.157.137
Gary Morse,modom@example.org,5023 9593,59,81.107.246.17
Christina Leonard DVM,sstout@example.net,+61 414 341 457,34,208.31.6.161
Carol Hicks,xramos@example.net,08-1818-7485,124,103.71.119.157
Jennifer Page,fjensen@example.org,(07) 6900 7555,211,144.21.154.47
Robert Smith,jenny33@example.org,5159 9899,78,75.174.59.122
Ryan Young,laurarussell@example.com,+61.445.096.542,288,113.128.16.9
Victor Green,kevin23@example.net,(07) 0174 7064,207,182.148.104.225
Daniel Weeks,bill60@example.net,63774254,103,27.130.164.195
Kimberly Reyes,amberbecker@example.net,+61 460 739 039,109,192.142.216.2
Stephanie Gilbert,jesse34@example.com,+61-400-446-699,20,99.219.131.26
Ryan Rivera,carolinebowen@example.net,+61 449 682 246,267,199.175.248.5
Ann Ward,cadams@example.com,08356434,298,80.227.147.87
Thomas Olson,harperlori@example.com,+61 3 5347 3711,252,110.85.97.219
Andres Smith,osbornbarbara@example.org,+61-498-989-207,83,174.1.197.14
Megan Suarez,yukimberly@example.com,(03)35725329,78,57.171.14.61
Steve Maxwell,jweaver@example.net,0738990212,5,87.120.1.27
April Kennedy,rebeccamack@example.net,0453-993-378,187,167.239.5.132
Nathan Thomas,tmoore@example.com,4923-2379,15,50.41.229.95
Christie Everett,qallen@example.org,(02).8164.0549,256,199.101.238.83
Desiree Hensley,michael10@example.net,+61 480 563 827,253,163.242.151.17
Mr. Luis Allen,atkinsmichelle@example.org,0379832081,100,137.0.92.174
Joseph Jenkins,fosterjames@example.org,+61 8 6122 6048,101,43.82.28.166
Matthew Wilson,donald08@example.com,0094 6651,260,179.54.79.71
Sabrina Salinas,morgancynthia@example.com,07 4310 1823,50,10.244.154.172
Haley Davis,morenojacqueline@example.net,+61-7-3715-8888,197,164.91.27.122
Nathan Wagner,rgarcia@example.net,0460 055 575,155,12.149.22.148
Amber Duran,gvaldez@example.com,+61 481 702 840,288,18.139.180.141
Stephen Logan,lperez@example.org,57241100,5,54.164.203.183
Sharon Kemp,wleach@example.net,(08)-1491-0777,229,192.168.1.1
Kathy Fletcher,gdunn@example.net,(07)-5257-5480,77,73.36.135.212
Robert Baker,ugonzalez@example.com,(08).6572.7056,175,199.49.153.234
Catherine Johnson,ewingjacob@example.org,(02)-3161-2280,108,114.136.59.202
Juan Lamb,mellison@example.com,0455.458.761,162,131.43.164.202
Lauren Thompson,farleybrian@example.org,07.4015.6937,201,164.182.59.178
Michael Jefferson,hunter10@example.org,0774745507,151,167.143.193.63
April Burke,toddvega@example.net,+61813382621,244,80.236.237.51
Thomas Johnson,staffordmichael@example.org,0461-320-174,239,134.49.19.20
Evelyn Myers,wigginsandrew@example.com,+61.409.705.824,12,4.224.216.75
Christopher Mcgee,johnrivera@example.net,(03)35599834,238,214.12.221.69
Edward Mason,christopherwilliams@example.org,+61.7.0239.5832,215,85.162.0.250
Jessica Nolan,david87@example.org,0800759478,150,94.67.30.229
Dan Frank,reednicole@example.org,0770550306,188,159.125.212.54
Cathy Holland,drewrodriguez@example.org,+61283285511,284,148.46.178.214
Jaime Flores,areed@example.com,0472-702-661,286,139.55.222.193
Jose Mcmahon,meghan08@example.com,0498 409 124,75,162.179.151.250
Renee Garrett,sarapittman@example.net,02 1880 7936,65,207.85.250.134
Kimberly Horton,tellis@example.org,0426.558.061,277,138.107.237.201
Sara Case,washingtonmelissa@example.org,+61-3-1718-8211,287,34.192.16.92
Jennifer Johnson,jamesjessica@example.net,0410 420 163,253,15.128.155.37
Madison Watson,james08@example.net,+61-3-2893-2845,37,77.26.136.110
Kayla Bonilla,bbrown@example.net,+61 8 5401 0010,222,39.153.168.131
Brian Mercado,michaelgarcia@example.org,+61373505314,208,42.4.114.44
Jesse Dyer,edward80@example.com,(03).6807.1256,6,55.94.98.23
Ashley Summers,melissarivera@example.org,+61 2 7158 3567,213,25.195.123.108
Robert Mclaughlin,wcurtis@example.org,+61-3-9595-4705,96,192.168.1.1
Shannon Aguirre,cdoyle@example.net,+61-8-0289-3481,261,45.75.36.74
Stephen Johnson,sandra05@example.com,(02)77471901,210,12.3.59.214
Nicholas Irwin,portereric@example.org,+61 8 7187 6881,160,57.105.138.99
Melissa Johnston,mary80@example.com,27732002,226,177.8.255.151
Wendy Payne,ngilmore@example.com,+61.464.387.586,122,180.35.148.43
Sara Chase,jason49@example.net,4866.3683,218,6.190.61.186
Robin Williams,fsmith@example.org,9791 9672,219,192.168.1.1
Amber Williams,andrewsmichelle@example.org,(03)-2160-5204,52,172.88.133.114
Connie Osborn,dthompson@example.net,+61.401.024.663,75,90.160.125.245
Jacob Porter,william65@example.org,+61-435-993-662,108,149.73.0.103
Kimberly Owen,olsonemily@example.org,(02) 8986 2527,298,168.143.63.95
Dr. Rachel Ingram,scampos@example.org,0433 635 646,30,173.209.221.6
Michael Jackson,tanderson@example.net,+61244737241,58,69.218.16.29
Michael Hodges,rodriguezbobby@example.org,0427.242.428,42,140.235.63.61
Crystal Carroll,boltonemma@example.org,+61-437-087-756,162,103.227.156.193
Ann Banks,kayla50@example.net,+61-437-086-495,218,211.152.112.125
Danny Young,smithhannah@example.org,(02)-5665-9491,74,168.20.229.164
Krystal Williams,dclay@example.org,4464 0887,30,77.225.234.189
Peter Jones,nrivera@example.com,+61-401-582-304,238,106.134.221.20
Glen Hobbs,eric37@example.net,4262-5413,229,192.168.1.1
Kristin Smith,zfrancis@example.net,9289 3473,137,61.79.181.145
Bryan Santiago,jacquelinefernandez@example.org,8315.4029,110,60.66.68.98
Timothy Love,mark92@example.org,+61 8 3611 3500,68,85.215.108.97
Stephanie Cooper,lauren71@example.net,79517737,21,186.20.115.130
Renee Hester,stevenjohnson@example.org,61476889,39,133.162.216.114
Pamela Powers,troygreene@example.org,+61.8.9975.5464,87,85.217.196.94
Bailey Hall,rrodriguez@example.org,0485.620.920,223,120.238.118.17
Brittany Daniels,huanggabrielle@example.org,+61.457.030.798,64,84.246.155.42
Lindsay Sanders,zfrazier@example.net,0434 035 379,255,195.207.150.156
Brian Garcia,mortonchristopher@example.net,+61 469 330 110,226,24.113.86.67
Brian Weeks,hkemp@example.com,0478.933.999,155,158.121.11.135
Stacy Berry,richardsonshannon@example.org,0416.667.670,149,192.168.1.1
Lisa Sullivan,krystal61@example.org,7555 2337,34,109.114.14.236
Paul Harris,joshua50@example.net,+61 425 449 929,137,211.139.81.222
Scott Mcdonald,tlowe@example.com,0389390198,105,147.49.16.225
Danny Buckley,curtis31@example.com,5098.2541,51,112.163.91.80
Philip Burns,manningjohn@example.net,(08) 9188 3512,219,24.88.186.173
Alexa Fleming,jodibrown@example.org,3680 6508,172,197.42.114.103
Mark Ross,ebradshaw@example.com,0410.272.207,106,172.76.198.59
Jennifer Neal,mary99@example.com,+61 463 861 815,28,222.130.72.115
Angel Silva,nward@example.com,+61-470-986-166,201,62.247.44.249
Michael Davis,xdonaldson@example.org,8055-2253,49,171.232.13.39
Glen Collier,johnstoncharles@example.net,3665 1077,219,192.168.1.1
Russell Nguyen,elizabeth64@example.net,+61861164720,230,78.28.201.224
Jack Hill,stacey98@example.net,25048683,103,75.255.40.5
Jaime Richardson,randy80@example.org,+61 478 101 463,196,170.30.7.27
Robert Hayes,patrick98@example.com,+61-499-064-206,291,161.103.161.179
Virginia Pacheco,perezpeter@example.net,0404 003 116,176,137.15.169.86
Kyle Terry,lstanton@example.net,0498.749.265,168,214.111.189.172
Tracy Carter,nbrown@example.com,3402-7542,173,57.194.2.59
Seth Jensen,roberttran@example.org,(03)-1401-2811,221,192.168.1.1
Sandra Walsh,annettegonzalez@example.org,+61 484 759 139,45,169.145.34.129
Kristina Bryant,simmonsbrittney@example.net,+61-431-388-906,281,2.225.202.206
Cynthia Savage,hbird@example.net,07-8098-0782,234,174.106.39.70
Sally Fowler,ojohnson@example.org,(07)21744466,194,101.157.125.24
Michael Parks,wardjennifer@example.org,(02) 5927 9548,101,32.231.105.177
Barbara Mullen,howardcaroline@example.net,49391900,194,192.168.1.1
Alicia Bryant,rickymarquez@example.net,(03).8741.1129,223,118.74.70.254
Patricia Lee,sarahriddle@example.com,(03)57202959,119,169.250.190.37
Dakota Olson,jeremy57@example.org,08.1866.9622,277,221.200.16.84
Tammy Carter,kellicruz@example.net,+61245958291,97,93.94.208.25
Joy Bennett,kingjulie@example.org,0227653574,235,201.52.191.25
Jennifer Brown MD,michaelfaulkner@example.org,0472-861-099,20,55.62.140.90
Brandi Bennett,richardbrown@example.org,+61-8-3228-9059,132,176.14.10.196
Robert Smith,meyerdenise@example.com,0454 272 886,50,91.107.185.45
Kristin Perez,jesse88@example.net,0796539144,174,116.222.17.51
Donna Brown,cassiemartin@example.com,(02).5988.5899,173,13.234.229.112
Lindsay Turner,jrojas@example.com,0411 990 352,227,68.0.171.112
Tiffany Richardson,dkelly@example.net,0469 659 335,287,23.172.54.169
Melanie Contreras,adamscorey@example.net,08.6307.4698,215,157.94.118.156
Mark King,cjohnson@example.net,27006909,194,199.176.248.107
Carla Dalton,qweber@example.com,(02).7690.0631,201,43.48.253.242
Randy Farmer,ireed@example.org,(08) 3910 7576,293,1.189.15.111
Cameron Chavez,gordonbarry@example.com,+61-3-2704-8489,282,211.152.73.221
Erin Gonzales DVM,barbermatthew@example.org,+61366587368,68,139.46.24.154
Denise Rodriguez,matthew77@example.net,96033079,247,44.42.16.217
Erin Mcmahon,emily03@example.net,0720009056,81,37.51.108.234
David Martinez,adampeters@example.com,+61-473-710-632,77,102.12.11.71
Sarah Walker,tbarber@example.com,+61-439-671-087,228,222.166.177.143
Nicole Knapp,ovazquez@example.org,+61305017473,122,192.168.1.1
Gary Carlson,jeffreyyoung@example.net,4790.8994,185,72.5.84.49
Anthony Garcia,caldwellwilliam@example.org,(03)-6299-0205,93,9.98.76.192
Carlos Norman,tiffany27@example.org,+61.8.6990.3114,232,78.228.34.200
Joan Torres,gregoryjohnson@example.org,(07) 6713 3181,109,77.244.136.137
Allison Mclaughlin,ffernandez@example.com,0462-695-188,190,215.14.46.125
Kathleen Davis,cookrobert@example.net,+61.2.3410.5991,298,122.118.37.30
Whitney Gonzalez,ryanvelasquez@example.com,0257241394,121,144.79.31.155
Edward Butler,natalie27@example.org,+61774761857,221,161.162.19.185
Jeremy Smith,monicafrazier@example.net,+61.8.5330.4936,258,74.151.206.35
Taylor Phillips,susanbaker@example.net,7497.2824,237,111.187.32.67
Patty Barajas,alexanderjames@example.com,03.2087.2107,162,41.168.150.247
Renee Flores,sandra37@example.org,+61.8.5056.9231,202,178.190.57.179
Matthew White,sonia47@example.com,0772564155,297,72.242.122.175
Sierra Saunders,aaronwalker@example.com,+61712498792,72,140.173.78.156
Martha Sanchez,eduffy@example.net,(02).0520.9143,44,72.128.37.61
Alex Simmons,rodgersandrew@example.org,5562-1772,273,153.157.196.51
Jane Lopez,danacarter@example.com,+61-405-593-671,84,59.12.169.224
Kimberly Ortiz,hardingjessica@example.com,02.9331.3058,222,192.78.92.190
Tara Francis,jflynn@example.org,07.3057.9418,25,141.118.239.23
Christopher Williamson,derek32@example.com,88994556,208,192.168.1.1
Marvin Clark,kingpam@example.org,0482 982 594,187,156.127.58.199
Kim Duarte,pgamble@example.com,2802.4679,292,115.138.21.18
Courtney Malone,ricky36@example.com,0411-265-904,153,164.158.11.101
Wendy Long,hernandezcheryl@example.com,0428 292 979,204,43.175.17.164
Thomas Miller,christinadunn@example.org,08.5440.9389,184,27.64.63.17
Rebecca Brooks,ramirezjennifer@example.com,0878.6348,180,55.15.155.18
Tanya Larsen,troy@example.org,+61 2 8953 9255,28,14.157.24.54
Steven Edwards,underwoodamy@example.org,0703381657,101,172.108.131.8
Crystal Rose,turnermichelle@example.org,0400 031 985,25,129.128.1.78
Jacob Thompson,jeffreywallace@example.net,0434 795 732,195,132.42.9.190
Justin Gentry,aaronjoseph@example.org,7744 8186,108,150.13.120.131
Chad Guzman,brentbrown@example.org,0424.813.289,278,32.246.166.76
Michael Cantu,hsullivan@example.net,(07).1855.5461,74,171.81.214.195
Jennifer Johnson,coxkimberly@example.com,(07) 2593 4090,73,59.255.147.142
Ryan Perez,hoffmanlindsay@example.org,5339.9278,218,142.86.150.1
Mr. Joshua Huff,ifrederick@example.org,08.7574.3432,106,192.168.1.1
Linda Navarro,cindy06@example.com,(02) 9405 6438,191,55.34.243.13
Courtney Leblanc,hhill@example.com,(03)85716379,113,20.96.52.17
Tina Buchanan,margaretjones@example.org,0404-240-515,11,18.50.229.165
Kim May,kevin14@example.org,1869.9187,63,8.66.160.159
Anthony Reed,greenemelissa@example.com,+61 2 5369 6065,214,32.121.232.50
Duane Cooper,owilliams@example.net,0462.073.087,164,131.47.146.49
Donald French,idavis@example.org,+61 409 723 654,63,8.140.169.191
Teresa Wood,danielfitzgerald@example.net,(03) 4627 3060,121,223.109.48.14
Tammy Hickman,ilogan@example.org,+61 472 714 734,198,101.226.166.215
Christina Wright,nicholasbarton@example.net,27475937,43,192.170.78.101
Mr. Jeremy Hale,gomezmadison@example.net,+61 8 4363 9139,121,67.166.137.128
Theresa Jacobs,traviskaren@example.net,+61860809545,261,2.250.67.14
Samantha Chase,grahamashley@example.org,08-9252-0776,232,195.69.72.247
Joshua Moore,christinaforbes@example.com,(08)10537994,196,174.16.148.133
Zachary Gibson,jeffrey78@example.net,+61.3.7263.0056,114,209.152.184.3
Michael Kirk,susansolis@example.com,07 9080 9689,120,163.95.39.216
Carly Mcbride,jbrewer@example.org,+61 447 508 329,28,18.242.222.122
Donald Sanders,smithbrett@example.org,02-5272-0565,171,80.106.136.174
Kimberly Peters,emily46@example.net,5805-3597,275,109.65.205.52
Robert Chandler,ronald78@example.net,02 4781 8498,97,100.254.57.86
Aaron Mueller,robert69@example.org,7485 8087,276,19.25.150.117
Tiffany Jones,kristinarodriguez@example.com,6426.3452,178,39.132.153.150
Joseph Williams,albert03@example.org,0465 767 617,77,153.208.0.188
Timothy Cox,timothy29@example.org,0636-6084,202,92.174.203.227
Michael Moore,hthompson@example.org,(02)-9079-6042,184,18.5.139.132
Anthony Callahan,cameron38@example.net,(07).7762.5846,297,31.148.232.64
Jeremy Wells,rpark@example.org,+61-468-205-650,48,9.237.71.16
Joseph Stephens,scott62@example.com,(07) 3695 5813,225,177.144.181.30
Kyle Castaneda,xarmstrong@example.net,0816626404,15,114.250.17.139
Anthony Rodriguez,grace13@example.com,(07)-1792-9657,274,47.204.170.126
Joseph Anthony,riversandrea@example.com,02 4012 8899,268,138.74.170.18
Joshua Mitchell,cathy90@example.net,+61.440.866.887,290,79.103.10.178
Danielle Mcfarland,joshua54@example.net,+61838919824,290,147.216.17.16
Antonio Williams,jessica61@example.org,0078.5600,250,129.191.39.168
James Holmes,debra16@example.com,08.0333.0497,69,208.101.66.84
Elizabeth Moyer,elizabethwashington@example.org,+61.2.6030.4799,198,116.191.115.98
Martin Kent,flemingjoseph@example.com,(08)-7070-7967,278,108.56.125.54
Tracy Welch,uwilliams@example.org,+61-3-6593-2316,255,54.246.209.171
Sara Smith,morgan30@example.com,(02).8337.6757,117,210.205.113.46
Brianna Ayers,whitecrystal@example.net,+61-497-705-893,161,200.133.202.82
Lisa Payne,timothysilva@example.org,(02)03551831,153,80.40.217.155
Timothy Anderson,jonesjennifer@example.net,+61 413 229 933,212,59.232.72.139
Brandon Calhoun,kelly30@example.org,+61-8-2349-0736,56,61.179.58.178
Cathy Bruce,gary69@example.com,5707 7566,155,222.147.112.55
Timothy Chase,jeffreytorres@example.com,9014.8312,111,161.235.0.177
Stacie Davis,bobbyscott@example.com,+61-483-454-554,30,179.77.31.23
Mr. Kevin Vaughn,frazierjudy@example.org,0460.594.707,195,135.111.134.70
Brandy Castillo,andrewsrichard@example.net,03-7947-3115,226,117.217.65.188
Hayden Smith,jeffreypugh@example.net,+61898077755,125,12.193.135.109
Tiffany Smith,mking@example.org,+61-3-0587-2538,236,110.26.2.30
Evan Stevenson,danielleadams@example.org,3343 1622,95,213.128.206.118
Abigail White,solisjeffrey@example.com,(08)78994366,221,120.49.80.199
Kevin Carpenter,christopherhicks@example.net,6287 8981,243,45.161.14.164
Sarah Taylor,qjackson@example.org,(07) 4855 9882,14,120.154.156.144
Donald Watson,larry49@example.com,6647 1469,137,55.82.95.23
Michael Hudson,ashleytucker@example.com,0489-775-122,138,131.148.178.166
Rebecca Whitehead,amanda06@example.com,(07) 0554 0725,277,220.241.244.7
Lori Evans,hkline@example.com,08 9490 2339,242,182.136.94.26
Brooke Kirby,robertmcdaniel@example.org,0710546014,101,91.101.81.71
Jeffrey Edwards,morrisjulie@example.com,0465.081.691,72,87.245.131.243
Jonathan Reese,ashleysimpson@example.com,03-9780-4514,69,46.92.160.86
Steven Blackburn,michael94@example.com,(07)13594143,51,183.75.136.67
Jason Dixon,laurenwilliams@example.org,0404 882 965,165,93.222.208.87
Mr. Brian Allen,kristenshepard@example.com,0419-044-242,63,32.154.130.126
Dawn Robinson,tmoyer@example.org,03-4685-3988,255,81.181.47.83
Leslie Little,stephensanders@example.org,0411 931 534,276,121.84.195.106
Bryan Vance,rosegonzales@example.com,0413 561 517,29,137.166.55.131
Nicholas Fields,dthompson@example.org,+61-3-4643-4605,100,48.146.58.67
Melissa Gomez,tylerjames@example.org,0359740240,255,206.189.123.204
Karen Jones PhD,copelandbrittney@example.org,+61284247287,83,90.63.126.181
Regina Duke,kenneth43@example.com,(08)99733951,181,31.35.103.55
Alexa Johnson,lydia24@example.com,0233628498,225,135.8.151.125
Christopher Jones,shepardchase@example.net,0401-974-736,83,222.42.60.241
Gary Cox,elizabeth04@example.com,+61.498.545.483,130,176.253.129.170
Amy Wade,woodarderica@example.com,6098 0494,68,118.86.232.15
Robert Garcia,dale04@example.org,0438 214 430,72,192.168.1.1
Lori Edwards,gonzalezpamela@example.com,+61-2-8910-0691,189,80.162.246.15
Latasha Williams,joseph50@example.com,66810793,227,170.38.152.100
Kevin Hale,rogerspeggy@example.com,(02) 5424 0739,254,24.251.187.255
Lynn Caldwell,kirbyian@example.com,(03) 2132 4563,217,91.155.188.187
James Perez,morganangela@example.com,+61.447.202.443,300,196.152.84.66
Anthony Stark,syoung@example.net,0483.561.891,122,179.65.208.106
Alexandra Walker,tinaward@example.org,0424.637.529,251,105.22.57.84
Christina Young,prestondominique@example.net,0348495011,45,49.50.7.127
Brent Contreras,jaredyoung@example.net,07-8244-5268,35,3.73.26.151
Sandra Smith,nataliespencer@example.org,+61-415-536-641,195,42.152.121.69
Ronald Thompson,andersonrebecca@example.net,0431.997.659,56,38.1.17.199
Kevin Moore,wrightmichele@example.org,02.4884.3534,297,75.192.130.67
Victoria Townsend,ericlee@example.org,0752280290,116,128.244.189.79
Nathan Sullivan,michael16@example.com,+61-7-6998-6720,109,126.190.168.199
Dana Sanchez,jaredwilkins@example.net,77951683,29,126.194.126.104
Eric Morgan,michaelmiller@example.net,+61 473 070 285,23,138.131.102.187
Jacob Robinson,angelacastillo@example.com,(03)69218907,127,47.27.10.150
Anne Thomas,mstark@example.com,07-9009-9542,300,49.94.29.225
Stephanie Poole,atucker@example.net,+61.445.382.712,53,14.200.98.23
James Hobbs,melissa86@example.org,08-2481-6991,144,114.147.26.49
Sherri Fisher,lwaters@example.org,02.3600.5945,283,109.191.247.15
Alejandra Baldwin,stephensmith@example.com,+61 7 3707 1961,294,188.28.231.150
Casey English,showard@example.net,(08).7335.4103,208,104.92.63.101
Katherine Anderson,joselopez@example.org,07.3969.0197,158,192.168.1.1
Sandra Miller,ysilva@example.com,0456 628 513,94,62.142.220.177
Benjamin Cannon,chad73@example.net,63433536,219,117.12.211.8
Lindsay Lawson,cweber@example.com,27191727,233,44.82.171.109
Brian White,gallaghermike@example.net,0417 535 930,110,170.193.199.145
Rachel Oliver,andrewmiller@example.org,+61-3-9385-8529,225,141.2.29.212
Whitney Dennis,jennifer24@example.com,02 2217 1500,217,77.44.202.45
Mark Mcpherson,jamescynthia@example.com,0393992330,69,147.220.221.19
Kevin Smith,brownashlee@example.net,0429-391-405,221,223.171.185.21
Mrs. Laura Vasquez MD,xschneider@example.org,3969-6923,228,197.47.0.52
John Brown,briannapearson@example.com,+61283899743,134,168.5.126.14
Daniel Becker,meyergregory@example.org,(02).8159.6064,41,202.207.220.133
Matthew Johnson,ian18@example.com,39502916,129,136.195.40.194
Sheila Hall,ashley37@example.net,0497 408 017,170,56.11.248.28
Daniel Martinez,iortega@example.com,0419 943 872,126,143.49.33.6
Thomas Hogan,martinezeduardo@example.org,0462 191 166,52,173.76.31.108
Blake Johnson,sgray@example.com,0444.904.526,215,8.242.195.199
Sara Wagner,lowerytimothy@example.net,0483.009.106,29,72.72.102.182
Alexandra Price,zcampbell@example.com,08 7088 8346,9,145.87.37.87
Amber Stokes,dawngraves@example.net,+61 454 565 583,66,64.145.206.89
Ronald Bailey,victoroconnor@example.net,07 6322 5668,45,135.54.142.42
Kathryn Velazquez,vcharles@example.com,(03).3978.3530,18,136.230.72.105
Scott Waters,andrea53@example.net,02 2996 0582,45,194.20.152.64
Miguel Galvan,paige83@example.net,(02)20632650,16,48.133.57.50
Sylvia Cox,skrause@example.com,03 0319 2702,149,120.173.82.158
Teresa Hall,jwilliams@example.com,03.1365.4777,161,209.109.202.76
Latoya Mitchell,samanthakramer@example.net,+61-418-040-557,275,134.198.206.199
Jonathan Fitzpatrick,fordrebecca@example.net,8105-7275,231,70.63.214.201
Benjamin Warren,ann30@example.org,8578 4830,253,5.72.136.223
Edward Williams II,morgan45@example.net,4772.1698,17,61.212.124.194
Maria Johnson,rnewman@example.org,1066 7273,19,69.18.128.194
Joseph Foley,ejensen@example.org,9087.4132,102,138.136.86.121
Karen Davis,curtis37@example.org,0403.203.293,45,217.55.172.221
Brian Perez,obrienstacy@example.org,0444-480-001,193,75.239.180.225
Mr. Joel Maldonado MD,kmiller@example.com,+61-489-157-344,40,112.169.182.242
Emily Reyes,henrymelissa@example.org,+61-7-4388-2775,181,94.24.7.201
Lisa Mathis,elizabeth11@example.net,7749 3481,153,192.168.1.1
Andrea Jones,fwhite@example.com,(02) 4075 4358,149,64.111.21.144
Donald Gates,colemandennis@example.org,(07).7887.3163,187,88.52.218.148
Andrew Reid,knightleslie@example.com,(07) 6003 3737,281,153.236.99.101
Jeffrey Johnson,vicki48@example.net,07.9658.1640,42,163.104.149.83
Jordan Farley,xmartin@example.org,(02) 0271 9485,148,70.167.183.142
Chad Moses,kevin41@example.net,+61 472 753 479,247,110.164.163.237
Lisa Kramer,jennifer64@example.com,03.6029.7625,111,108.57.144.188
Patricia Smith,josephramirez@example.net,(07) 3108 6556,153,153.65.30.28
Courtney Howell,millerjustin@example.org,0223167490,178,140.169.169.18
Natasha Harris,utownsend@example.org,0491-643-866,78,24.249.112.246
Diane Deleon,jacobsamber@example.net,(02)66587892,158,134.58.113.170
Thomas Downs,lindseylove@example.com,+61-468-555-705,10,9.89.202.35
Jennifer Werner,ucantu@example.org,0480 147 851,190,160.207.85.173
Mary Daniels,rebeccajenkins@example.net,0446-606-827,156,107.25.181.165
Kevin Werner Jr.,lisaclark@example.org,2229.6236,133,136.81.130.1
Wayne Price,kreynolds@example.org,08.5927.5937,51,61.102.164.149
Norman Fox,michael59@example.org,08 7675 0399,154,49.181.134.106
William Phelps,laurengarcia@example.com,(08)-6652-1975,221,40.195.78.137
Matthew Riley,bryanwhite@example.com,+61.7.1519.1184,172,20.17.245.64
Alyssa Smith,tiffanyespinoza@example.com,03.1237.0504,19,8.130.49.209
Tiffany Mason,edward05@example.com,(03)51526454,73,210.85.204.150
Erica Acosta,david70@example.com,08.2504.1052,210,210.185.86.115
Kathleen Barron,staceyellis@example.com,+61 459 639 960,174,134.43.232.175
Mary Weaver,rachel75@example.com,+61.428.220.250,280,136.195.163.193
Sarah Jones,thompsonlaura@example.net,0403-510-410,249,20.67.48.178
Kevin Duarte,shelbygomez@example.net,0418.959.010,260,49.229.24.132
Danny Allen,lopezbonnie@example.net,(08)-6568-7813,83,2.65.76.112
Jacob Bell,richardcastaneda@example.net,+61 484 712 045,278,24.172.56.98
Michael Vargas,john74@example.net,(07).0789.0509,181,220.254.214.16
Katherine Phillips,christophernovak@example.com,0326876560,140,192.168.1.1
Melinda Pace,cmorgan@example.net,+61 476 845 902,34,176.149.112.232
Danielle Gray,lindsey84@example.com,+61.7.5360.8017,153,215.171.163.147
Craig Brown,amber21@example.net,+61-465-883-692,186,173.157.65.15
Kevin Green,blacksamantha@example.net,+61-443-584-535,5,119.183.45.52
Anthony Woodard,djones@example.org,03.1296.9387,158,88.126.120.1
Rebecca Davis,lsingleton@example.com,0432-580-953,157,147.213.214.6
Martin Diaz,johnsondavid@example.com,+61 3 9524 7518,138,27.52.143.69
Michael Bond,peterboyle@example.org,(02).7502.4103,110,2.121.169.16
Brian Young,lopezchad@example.net,0493-353-167,94,131.62.216.193
Leslie Burton,william06@example.net,+61 483 295 673,184,116.8.63.102
Jerry Whitehead,chapmanmichele@example.org,0462-139-125,155,103.81.159.45
Danielle Chandler,amanda72@example.net,+61-464-333-349,92,183.222.117.61
Sean Golden,jeffreykramer@example.org,+61 2 2378 3000,113,194.246.85.228
Shannon Anderson,barneskevin@example.net,(03)75564586,48,136.124.241.216
Darren Lee,shahn@example.net,+61.419.993.026,127,196.222.82.68
Bill Vega,gaymichelle@example.net,08.4309.6421,294,72.19.82.133
Sharon Harmon,samantha24@example.org,+61.2.2505.0138,76,21.213.156.203
Kevin Guzman,teresa09@example.org,(02)33458969,178,21.142.105.222
Anthony Carson II,alexanderkayla@example.org,0435.535.175,9,125.88.228.23
Melissa Richardson,regina27@example.net,(03) 1653 8406,148,129.182.4.81
Jerome Adams,yfreeman@example.org,+61.449.924.301,100,195.240.96.135
John Mccormick,noah49@example.com,+61-431-591-323,68,72.245.130.126
Gina Fletcher,nicholas21@example.org,60370822,297,118.109.160.184
Dr. Emily White PhD,snowapril@example.org,6331.4269,288,59.193.26.42
Alex Sparks,chelseasims@example.org,0465 339 405,280,86.169.169.116
Michael Thornton,alanbrown@example.org,(02)49637855,14,20.164.142.109
Diana King,christie18@example.net,03.6460.5253,7,19.187.230.114
Craig Dawson,robertchavez@example.net,(03) 1350 8841,115,107.100.92.37
David Smith,plove@example.org,+61840207678,100,28.128.145.101
Crystal Sutton DDS,ivance@example.org,08.6133.8010,283,222.83.117.12
Misty Dawson,kleinheather@example.com,+61.412.974.480,283,204.77.169.23
Kaitlyn Jacobs,danielmurphy@example.org,07-9999-9567,23,57.94.239.75
Sarah Hernandez,katherinejohnson@example.org,08 9685 9157,273,122.239.37.97
Justin Ross,swilliams@example.net,4245.1552,212,202.24.22.217
Tammy Williams,webererika@example.org,0428.313.441,231,192.168.1.1
Tyler Pacheco,mariavalentine@example.org,(02).4701.4176,90,221.77.17.255
Debra Dudley,kristawheeler@example.org,7880.3742,281,81.198.10.21
Amanda Fleming,seanmendez@example.com,0429.000.658,189,57.170.174.80
Richard Howell,danielwilliams@example.com,0464 198 813,173,194.158.40.197
Erika Medina,kayla63@example.net,08 0270 8141,210,95.224.144.50
Terri May,brooke01@example.org,03-8408-3714,131,192.168.1.1
Brenda Price,ann84@example.org,0476.250.818,286,129.183.165.124
Karen Jones,aaron48@example.org,+61 469 751 973,91,38.46.90.164
Anna Alvarado,ycruz@example.org,0734019140,185,28.166.191.4
Zachary Nelson,amanda25@example.org,0312882248,68,88.138.53.209
Justin Martinez,sweeneyrichard@example.net,7049 0795,53,121.223.14.60
Anthony Sims,megan71@example.net,+61-430-078-680,143,124.37.65.214
Kathy Donaldson,patrickdavis@example.net,02.0754.4682,136,56.88.230.35
Thomas Townsend,garnerjessica@example.com,36749714,213,182.252.191.248
Jamie Kramer,fwilkerson@example.com,03 6146 9769,238,8.41.21.151
Amanda Jackson,noblejames@example.org,+61.8.8883.1664,153,104.166.0.27
Matthew Young,boydmichelle@example.com,+61-8-5443-0784,84,114.26.61.154
Tyler Ward,desiree29@example.net,03.3197.5334,65,178.196.115.141
Lori Vargas,tgreen@example.org,0432 797 227,258,209.135.109.1
Stephanie Turner,asmith@example.com,+61.7.6484.8225,181,74.71.36.249
Christopher Schmidt,brian93@example.com,+61-8-2936-0266,180,64.241.153.202
Jennifer Ford,ashley78@example.com,07 5513 2930,191,91.28.24.76
Joseph Nguyen,barnettbrett@example.org,(07)-4445-2466,124,36.11.63.199
Shane Chung,allisonharmon@example.com,07.1907.5097,77,143.6.173.201
Ian Ortiz,burkelori@example.com,(03).2160.3055,123,48.133.147.72
Karen Butler,monica66@example.org,(07) 1621 5826,78,113.157.153.106
Carla Taylor,mlopez@example.org,(08)-7123-9484,286,95.22.101.50
Dennis Trujillo,jenniferlane@example.com,0403 215 009,38,30.34.151.211
Timothy Drake,evanskyle@example.org,0334973472,83,192.168.1.1
Christina Miles,kmoore@example.org,+61796709727,245,16.35.85.162
Lisa Blair,jingram@example.com,07-5024-6396,261,177.48.87.223
Brandon Adams,randolphdaniel@example.com,+61 3 0875 6086,67,210.190.222.239
Christopher Marshall,sharonwalters@example.net,+61.405.507.022,298,34.54.202.156
Douglas Martinez,pricemichael@example.com,+61219520274,191,84.31.242.104
Kelly Davis,nnguyen@example.com,+61 7 3708 2590,147,176.88.208.73
Kelli White,contrerasmichael@example.net,0432-619-470,111,199.72.76.220
Mr. Joshua Wallace MD,maryhernandez@example.org,+61 445 452 064,284,162.133.152.222
Andrew Keller,daniel33@example.com,5660.7117,240,57.145.15.43
Virginia Moore,cmyers@example.org,+61773894096,23,133.225.203.117
Jennifer Kim,acostabrian@example.net,0454.360.621,205,138.193.8.15
Ryan Villanueva,mcconnellamber@example.org,(07)-3233-7218,147,147.148.31.174
Shane Barnes,christopher14@example.org,19443338,64,61.214.128.71
Andrea Hudson,gatesjessica@example.org,59558200,163,147.75.144.33
Johnny Rodriguez,david47@example.com,0230841833,204,198.163.149.79
Jessica Carrillo,jeffery39@example.net,0409.856.732,210,220.173.47.0
Amy Gonzalez,robersonmorgan@example.org,+61.2.9683.6846,175,192.168.1.1
Natalie Weber,carladavis@example.net,+61 7 2564 4232,14,15.147.161.229
Thomas Robles,tylerchristopher@example.com,(07).1673.3581,59,32.63.200.246
Jordan Miller,thompsonchristopher@example.org,0486.324.513,32,178.64.134.71
Andrew Douglas,ksmith@example.org,6020-6626,104,78.111.204.244
Richard White,colemandana@example.net,08.3575.6692,181,128.93.80.252
Brian Anderson,bchapman@example.org,+61896474398,97,115.47.121.44
Lacey Davidson,jerry47@example.net,3349 3661,221,23.28.246.59
Jennifer Johnson,udeleon@example.net,0401.879.846,173,9.112.91.134
Jason Hicks,robertwoods@example.com,+61203617022,84,166.216.20.91
Melissa Mays,kfleming@example.net,03-5447-4382,288,50.125.55.24
Michelle Valdez,hollyjohnson@example.org,90489797,85,97.73.124.138
Tracy Holland,smithvictoria@example.org,(07) 9775 9068,92,192.168.1.1
Dominic Colon,ufreeman@example.com,03.1697.6434,53,143.247.163.137
Alisha Hill,julia60@example.net,0473-726-855,113,9.7.138.120
Susan Robinson,byork@example.net,+61-444-573-219,217,209.110.247.91
Ann Mcbride,clarkjodi@example.com,+61.3.9189.2357,51,87.67.35.63
Charles Wells,alvarezmelinda@example.com,+61-497-892-098,66,111.225.112.235
Marvin Nguyen,david36@example.org,08-0153-3953,58,105.195.32.169
Michael Chapman,samuel51@example.net,2254.7311,18,109.229.64.208
Judy Simpson,umoore@example.net,0486-617-430,12,120.108.21.6
Melissa Glover,vanessabyrd@example.net,7978-6660,129,132.226.212.99
Anthony Turner,mark22@example.org,(07)-3006-1046,299,82.62.238.110
Courtney Scott,zjones@example.net,+61827796630,104,142.146.134.109
Eric Myers,jonescheryl@example.org,(07).3381.9828,48,72.239.224.116
Kimberly Mejia,amyedwards@example.org,0737.5729,121,191.90.173.30
Marcus Harvey,thomas42@example.org,2158 9134,13,13.155.204.50
James Jacobson,coopernatalie@example.net,+61307970366,131,32.69.119.44
Jonathan Weaver,jamesmichael@example.org,0806-6001,79,45.238.72.206
Brittany Mason,hickmanjason@example.org,(08)-8992-6469,49,162.160.169.28
Vincent Hines,nblackwell@example.net,03-7252-9712,153,203.153.129.206
Shane Johnson,williamchen@example.net,0465 290 419,102,88.27.167.125
Stacie Jones,askinner@example.com,+61 2 7096 1596,181,44.168.251.117
Edward Leonard,hardinkelsey@example.net,9999-1790,25,137.36.88.113
Brett Miller,heatherjordan@example.net,2576 1098,75,129.132.181.52
Mary Smith,jennifer88@example.org,+61 453 087 976,270,124.88.157.230
Matthew Rhodes,michael51@example.com,(02)53179093,92,30.89.231.139
James Collins,jared37@example.net,+61-430-316-586,32,86.35.96.111
Isaac Brooks,brenda69@example.net,07 4999 9797,13,111.14.201.162
Zachary Greer,jennifer31@example.net,0457-202-729,184,161.154.112.41
Stacey Lewis,whitney05@example.com,08-0509-6382,182,194.159.84.99
Tracy Eaton,pwright@example.org,+61.442.512.929,29,192.168.1.1
Arthur Grant,michael53@example.net,3852.4169,254,24.30.243.149
Erin Carter,lcampbell@example.com,(08)-6201-0202,211,207.143.27.31
David Herrera,stevenlester@example.net,03-8416-5289,115,38.16.246.27
Anna Nelson,hollandrobert@example.com,0335295829,234,192.168.1.1
Becky Flynn DDS,alexacarr@example.net,02 8294 2561,269,48.86.245.127
Jennifer Harrison,mmiller@example.com,+61.408.461.285,256,198.137.199.96
Angela Green,sharon07@example.org,+61 3 6477 9983,239,31.208.116.157
Alex Brown,oscott@example.org,+61.7.8120.1606,262,204.233.119.87
Michael Kirby,clineamanda@example.com,0409-396-515,298,72.97.111.183
Molly Oneill,donald25@example.net,+61-446-456-818,132,136.48.20.212
Teresa Velez,taylorroy@example.com,0341636226,285,223.160.141.129
Steven Luna,matthewyoung@example.com,02-0490-0271,122,195.78.39.191
Timothy Anderson,phillipsmisty@example.org,(07).7565.7800,264,85.19.232.75
Randy Lewis,dana64@example.com,+61-409-655-451,12,221.88.85.254
Steven Allen,robertlewis@example.org,9326 8006,30,186.221.35.102
Jenna Braun,nathanielrodriguez@example.com,+61 8 5575 6305,219,175.74.224.191
Dorothy Robertson,valdeztara@example.org,0477-360-696,300,211.157.211.225
Ellen Mcpherson,zcarpenter@example.org,+61 428 762 401,24,186.207.64.183
Brad Rice,bill47@example.org,7449-2915,300,83.233.79.12
Christian Saunders,toni66@example.org,33439109,105,135.65.150.91
Matthew Cooley,andreanguyen@example.net,0285860581,210,153.67.142.100
Melanie King,brandon51@example.com,0456-236-154,105,87.219.68.65
Mr. Mark Cervantes,aaronalvarado@example.org,56093353,216,116.233.213.89
Shaun Stark,kelseymcmillan@example.com,02-2917-6695,137,188.156.104.102
Hannah James,patricia04@example.com,(02)93463626,270,50.228.231.3
Jeffrey Olson,millerrebecca@example.com,(07).1937.2328,106,160.71.3.179
Kimberly Mann,davismatthew@example.net,+61 431 609 263,39,62.23.187.120
James Skinner,wilkinsoncolton@example.net,0466 763 854,173,138.25.252.175
Ricky Perez,carterrichard@example.net,(02)06964580,270,80.169.61.44
Ryan Mcdonald,brian39@example.com,(02)-7324-1718,179,23.213.149.117
Aaron Watkins,scott05@example.com,+61388074981,83,101.118.76.251
Thomas Owens,willie26@example.net,+61-2-5092-4585,147,64.120.77.251
Carly Lane,griffincameron@example.org,02-1548-9171,28,67.104.75.210
Paul Fuller,aaron53@example.org,07 7858 2521,76,109.225.60.132
Scott Howard,crawfordkelly@example.org,(02)-2454-1380,179,102.148.71.96
Sarah Kennedy,stefaniedavis@example.net,(03).6460.7337,99,186.150.129.3
Mr. Tony Robinson,alexander77@example.org,+61 3 8591 8381,86,53.86.72.89
Anne Stephens,caleb67@example.org,+61830825864,45,49.81.71.249
Christina Francis,leezachary@example.com,0410 843 429,249,209.91.173.240
Katelyn Gentry,christopher18@example.net,+61 3 8443 7515,50,151.143.139.121
Susan Galvan,suttonsarah@example.net,(03)-2584-0164,105,129.14.2.147
Jacqueline Villegas,stephenwilson@example.com,0488 807 923,9,190.82.51.214
Benjamin Lopez,luisblackburn@example.org,0450-129-689,259,11.197.222.62
Heidi Ellis,penningtonmark@example.org,+61 8 9968 8370,165,192.168.1.1
Rebecca Rogers,andersonjacob@example.com,0499 223 466,59,10.201.84.238
Caitlin Howard,jonesnathan@example.net,+61.8.6823.8736,236,123.24.115.173
John Conner,shawn59@example.net,0655-8595,33,168.152.44.22
Brian Green,anthonyjacobs@example.net,0439 126 172,276,178.182.117.57
Andrew Cook,williamsantos@example.org,08.8517.6258,191,139.79.250.12
Charles Russo,drewshepherd@example.org,+61.7.3758.2645,119,202.196.93.32
Stanley Franklin,cgomez@example.org,07-7859-4561,263,220.10.215.84
Jessica Grant,duketravis@example.org,+61 7 8000 7357,63,53.109.23.228
Aaron Torres,griffinbeverly@example.net,+61.456.347.954,129,182.27.131.192
Melissa Lewis,christopher39@example.net,0857111197,125,46.199.106.214
Jennifer Mccormick,taylorjeffrey@example.com,9515-5241,101,50.144.187.191
Terry George,stephaniemack@example.net,02 3902 1159,44,186.90.40.214
Jason Patterson,robert92@example.net,7308.3223,216,183.54.23.197
Emma Gonzalez,gary76@example.com,0439-763-990,241,216.215.148.50
Lori Gonzalez,devon78@example.net,0492-803-989,277,196.66.227.133
Paul Phillips,dunlapstacey@example.net,+61 2 3261 9810,271,180.56.240.211
Jennifer Cooper,jodi76@example.net,+61-2-7126-7135,75,126.85.200.181
Andrew Thomas,vbenson@example.net,9275 3748,151,148.201.36.43
Connor Lynch,taylorsheila@example.net,(02)-6829-6717,54,72.97.141.141
Jessica Gonzalez,karenbutler@example.com,+61 451 788 185,219,27.237.128.97
Joshua Watson,abrown@example.com,+61.3.5717.4436,119,108.172.182.169
Margaret Sutton,creed@example.org,(03)29446737,232,192.168.1.1
Thomas Porter,tbrown@example.com,+61-425-666-586,62,108.30.238.96
Teresa Silva,bonnie01@example.com,+61.474.021.801,16,2.70.150.178
Matthew Thornton,adamsnicole@example.com,0408.348.491,230,174.95.248.14
Daniel Acosta,chase47@example.net,+61330097350,189,2.74.208.78
Austin Cox,kjackson@example.net,(08)91627097,125,160.26.89.58
Dylan Martin,brian50@example.org,+61-465-386-428,201,134.140.171.107
Tony Wilson,andre12@example.net,(02).8536.3901,31,104.205.255.216
Dr. Katherine Coleman,lroth@example.org,+61812027766,267,175.219.167.105
Jackie Cole,oshaw@example.com,+61 8 3601 7139,228,44.167.54.225
Katie Miller,amandaryan@example.com,0459 652 855,114,164.26.15.4
Kenneth Johnston,marissa99@example.net,(07).2844.8974,62,116.115.152.207
Stacey Burnett,ricekathryn@example.com,+61-3-5509-4432,174,73.16.50.182
Ashley Watts,johnsonjonathan@example.net,+61.442.709.303,194,145.44.212.0
Laura Sullivan,billy62@example.com,+61-426-857-351,296,183.190.181.106
Vanessa Payne,santoslaura@example.org,6433-5101,28,153.161.100.77
Justin Hughes,jasmine24@example.com,+61-428-448-970,144,198.169.146.161
April Leblanc,carla42@example.net,(08)-5452-7600,129,84.214.170.149
Michael Andrews,katherine22@example.net,(02)01608271,116,32.28.42.111
Marcus Khan,bergermanuel@example.org,+61-480-718-055,163,43.183.133.220
Jose Houston,joshua66@example.net,0462.635.157,49,134.74.247.140
Lisa Webb,dalefriedman@example.org,6551-8183,282,75.242.81.101
Veronica Ewing,lcalderon@example.net,03-0757-4145,30,26.123.99.151
Lori Cannon,harrisdakota@example.net,08-4075-0309,236,65.12.227.231
Joseph White,andersonaustin@example.com,07.3229.5217,159,50.109.140.112
Susan Cordova,megangarcia@example.org,+61.437.819.817,185,5.172.18.133
Steven Williams,slambert@example.net,+61-3-3220-4774,174,64.115.3.62
Brenda Gilbert,sarahstewart@example.org,(02)80638749,63,52.173.215.127
Kristin Nelson,wclark@example.org,+61-489-101-662,59,12.161.35.167
Rodney Hamilton,ricardocalhoun@example.org,9397-2077,245,175.252.34.68
Lauren Hampton,andersonmichael@example.com,57474373,238,202.117.122.66
Cody Oneill MD,stevensmelissa@example.net,02 0399 6664,131,192.168.1.1
Travis Chang PhD,gatesamber@example.net,(07) 7685 9209,236,218.65.17.141
Todd Johnson,pcooley@example.net,+61879542715,155,192.168.1.1
Adam Morrow,turnerkevin@example.org,0438-777-355,228,114.129.29.221
Felicia Mayer,samuelsims@example.org,08-5880-0518,54,21.177.156.89
Julian Melendez,nathancervantes@example.com,5857 9299,273,21.122.250.12
Joshua Anderson,qeaton@example.org,+61 2 5535 2238,207,28.150.145.145
Denise Bradford,alexandra65@example.org,(08)70847192,56,141.250.197.134
David Adkins,orodriguez@example.net,+61.7.9038.0142,106,210.139.186.80
